,auroc,accuracy,precision,recall,f1_score,tpr,specificity,fpr,optimal_threshold,n_positive,n_negative,spearman_corr_padj,spearman_p_padj,n_samples,mean_nll,std_nll,mean_score,std_score
optimized_composite_condition_1,0.5328285843941818,0.5492227979274611,0.5793650793650794,0.2597864768683274,0.35872235872235875,0.2597864768683274,0.8221476510067114,0.17785234899328858,-4.860611438751221,281.0,298.0,-0.09249298231201517,0.02604314636001499,579.0,6.215579919040923,1.6245451329100808,-6.215579919040923,1.6245451329100808
staged_composite_condition_1,0.45757003988631206,0.4991364421416235,0.49206349206349204,0.9928825622775801,0.6580188679245284,0.9928825622775801,0.03355704697986577,0.9664429530201343,-12.226006507873535,281.0,298.0,0.045109299431550565,0.2785222981409133,579.0,7.831755879011797,2.062790098097761,-7.831755879011797,2.062790098097761
