mutation_idx,original_sequence,predicted_sequence,mask_pos,num_masks,condition1_nll,confidence_score
0,ASSMASSYDQY,ASSIRSSYEQF,"[0, 1, 2, 3, 6, 7, 8, 10]",8,1.57501220703125,0.10948749631643295
1,ASSMASSYDQY,ASSIRSSYEQY,"[0, 1, 2, 3, 4, 6, 10]",7,1.3194514513015747,0.11060702055692673
2,ASSMASSYDQY,ASSIGGSYEQY,"[1, 2, 3, 5, 6, 8, 9, 10]",8,1.4811580181121826,
3,ASSMASSYDQY,ASSIRSGYEQY,"[2, 3, 5, 7, 8, 10]",6,1.8527746200561523,
4,ASSMASSYDQY,ASSIRSGYEQF,"[0, 1, 4, 5, 6, 7, 8, 9, 10]",9,1.554654598236084,0.11410202085971832
5,ASSMASSYDQY,ASSIRSGTEQY,"[2, 3, 6, 7, 9, 10]",6,1.4299663305282593,
6,ASSMASSYDQY,ASSIRSSYEQF,"[0, 1, 4, 6, 7, 8, 10]",7,2.0576424598693848,0.11411777883768082
7,ASSMASSYDQY,ASSIRSTYEQY,"[0, 5, 7, 8]",4,1.5771806240081787,0.11454293876886368
8,ASSMASSYDQY,ASSIRSSTEQY,"[0, 1, 2, 3, 4, 7, 9, 10]",8,1.426360845565796,0.11182679980993271
9,ASSMASSYDQY,ASSIRSSYEQY,"[0, 2, 10]",3,0.023247748613357544,0.11443709582090378
10,ASSMASSYDQY,ASSIRSSYEQY,[3],1,3.171441078186035,
11,ASSMASSYDQY,ASSIRSSYEQY,"[2, 3, 4, 6, 7]",5,2.0839016437530518,
12,ASSMASSYDQY,ASSIRSSYEQF,"[0, 1, 2, 4, 6, 7]",6,1.1880054473876953,0.11374567449092865
13,ASSMASSYDQY,ASSIGGSYEQY,"[0, 1, 5, 10]",4,0.3704474866390228,0.11424282938241959
14,ASSMASSYDQY,ASSIRSSYEQY,"[0, 2, 3, 7, 8]",5,1.6794636249542236,0.1143723875284195
15,ASSMASSYDQY,ASSIRSSYEQY,[4],1,5.4579644203186035,
16,ASSMASSYDQY,ASSIRSSYEQY,"[0, 2, 4, 7]",4,1.5376830101013184,0.11448244750499725
17,ASSMASSYDQY,ASSIRSSTEQY,"[0, 4, 7, 9, 10]",5,1.400904655456543,0.11456069350242615
18,ASSMASSYDQY,ASSIGGGYEQY,"[0, 2, 3, 5, 6, 7, 8, 9, 10]",9,1.698005199432373,0.11416845768690109
19,ASSMASSYDQY,ASSIRSGYEQY,"[2, 6, 7, 8, 9, 10]",6,1.1598180532455444,
20,ASSMASSYDQY,ASSIRSSYEQY,"[0, 1, 2, 3, 4, 7, 8, 9, 10]",9,1.6066327095031738,0.11014539748430252
21,ASSMASSYDQY,ASSIRSSYEQY,"[2, 8]",2,1.9769476652145386,
22,ASSMASSYDQY,ASSIRSSYEQY,"[2, 3, 4, 5, 8, 9, 10]",7,1.7633683681488037,
23,ASSMASSYDQY,ASSIRSSTEQY,"[0, 1, 2, 4, 5, 7, 9, 10]",8,0.8962793946266174,0.1136474460363388
24,ASSMASSYDQY,ASSIRSSYEQY,[3],1,3.171441078186035,
25,ASSMASSYDQY,ASSIGGSGEQY,"[2, 5, 6, 9]",4,0.9368404150009155,
26,ASSMASSYDQY,ASSIRSSYEQY,"[1, 3, 4, 5, 6, 8, 9]",7,1.9745646715164185,
27,ASSMASSYDQY,ASSIRSSYEQY,"[0, 2, 4]",3,1.8890223503112793,0.11448943614959717
28,ASSMASSYDQY,ASSIRSSYEQY,"[1, 2, 4, 7]",4,1.5257004499435425,
29,ASSMASSYDQY,ASSIRSSYEQY,[2],1,0.0371045358479023,
