mutation_idx,original_sequence,predicted_sequence,mask_pos,num_masks,condition1_nll,confidence_score
0,ASSMASSYDQY,ASSIRSSYEQY,"[4, 6, 10]",3,1.8879886865615845,
1,ASSMASSYDQY,ASSIRSSYEQY,"[0, 1, 2, 3, 7, 8, 9, 10]",8,1.090512752532959,0.10967370122671127
2,ASSMASSYDQY,ASSIRSSTDQY,"[1, 2, 3, 6, 9, 10]",6,0.8806832432746887,
3,ASSMASSYDQY,ASSIRSSTEQY,"[3, 6, 9, 10]",4,1.2319245338439941,
4,ASSMASSYDQY,ASSIRSSYEQY,"[0, 2, 3, 4, 7, 10]",6,1.639214038848877,0.11436062306165695
5,ASSMASSYDQY,ASSIRSSYEQY,"[4, 5, 6, 7]",4,1.725574016571045,
6,ASSMASSYDQY,SSSIRSSYEQF,"[1, 2, 3, 4, 5, 6, 7, 8, 10]",9,1.9622960090637207,
7,ASSMASSYDQY,ASSIRSSYEQY,[4],1,5.34666633605957,
8,ASSMASSYDQY,ASSIGGGYEQF,"[0, 1, 5, 6, 7, 8, 9, 10]",8,1.4418644905090332,0.11408451944589615
9,ASSMASSYDQY,ASSIRSSYEQY,"[0, 2, 3, 5, 7, 8, 10]",7,1.5990025997161865,0.11429157108068466
10,ASSMASSYDQY,ASSIRSSYEQY,"[4, 7, 9]",3,1.8906803131103516,
11,ASSMASSYDQY,ASSIRSSYEQY,"[0, 1, 2, 3, 4, 7, 8, 9, 10]",9,1.5617300271987915,0.10960576683282852
12,ASSMASSYDQY,ASSIRSSYEQY,"[0, 2, 4, 5, 6, 7, 9]",7,0.984686553478241,0.11449015885591507
13,ASSMASSYDQY,ASSIRSSYEQY,"[0, 3, 4, 6, 7, 8, 9, 10]",8,1.9573698043823242,0.11453170329332352
14,ASSMASSYDQY,ASSIRSSYEQY,"[0, 1, 2, 4, 5, 8, 9]",7,1.359004259109497,0.11331277340650558
15,ASSMASSYDQY,ASSIRSTYEQY,"[0, 1, 4, 7, 8, 9, 10]",7,1.4172841310501099,0.11411596834659576
16,ASSMASSYDQY,SSSIRSSYEQY,"[1, 2, 3, 4, 6, 8, 10]",7,2.0416953563690186,
17,ASSMASSYDQY,ASSIGGSYEQY,"[0, 5, 9]",3,0.555886447429657,0.11455923318862915
18,ASSMASSYDQY,ASSIRSSYEQY,[9],1,0.0077960980124771595,
19,ASSMASSYDQY,ASSIRGGYEQY,"[0, 5, 7, 10]",4,0.5560019016265869,0.11452385038137436
20,ASSMASSYDQY,ASSIRSSTEQY,"[0, 2, 4, 7, 9, 10]",6,1.3014241456985474,0.11448083817958832
21,ASSMASSYDQY,ASSIRSSYEQY,"[0, 2, 3, 4, 7, 9]",6,1.516672968864441,0.1144619882106781
22,ASSMASSYDQY,ASSIRSSYEQY,"[2, 4]",2,2.7379660606384277,
23,ASSMASSYDQY,ASSIGGSYEQY,"[2, 5, 8]",3,1.7706185579299927,
24,ASSMASSYDQY,ASSIRSSYEQY,"[1, 2, 3, 4, 5, 6, 8, 9]",8,1.7032684087753296,
25,ASSMASSYDQY,ASSIRSSTEQY,"[0, 1, 2, 3, 4, 5, 7, 9, 10]",9,1.3439183235168457,0.11171602457761765
26,ASSMASSYDQY,ASSIRSSGEQY,"[2, 3, 4, 5, 6, 9, 10]",7,1.4203039407730103,
27,ASSMASSYDQY,ASSIRSSYEQY,"[2, 3, 4, 6, 7, 10]",6,1.9313186407089233,
28,ASSMASSYDQY,ASSIRSSYEQY,"[1, 2, 3, 4, 7, 8, 9, 10]",8,1.6556748151779175,
29,ASSMASSYDQY,ASSIIGSYEQY,"[0, 1, 3, 5, 6, 8, 9, 10]",8,1.4880876541137695,0.11364271491765976
