mutation_idx,original_sequence,predicted_sequence,mask_pos,num_masks,condition1_nll,confidence_score
17,ASSMASSYDQY,ASSIRSSTEQY,"[0, 4, 7, 9, 10]",5,1.400904655456543,0.11456069350242615
7,ASSMASSYDQY,ASSIRSTYEQY,"[0, 5, 7, 8]",4,1.5771806240081787,0.11454293876886368
27,ASSMASSYDQY,ASSIRSSYEQY,"[0, 2, 4]",3,1.8890223503112793,0.11448943614959717
16,ASSMASSYDQY,ASSIRSSYEQY,"[0, 2, 4, 7]",4,1.5376830101013184,0.11448244750499725
9,ASSMASSYDQY,ASSIRSSYEQY,"[0, 2, 10]",3,0.023247748613357544,0.11443709582090378
